{"data":{"background":{"childImageSharp":{"fluid":{"src":"/static/6b10d154e8b58646d9dd1fddb9442bd8/d9c19/bg3.jpg"}}},"items":{"edges":[{"content":{"frontmatter":{"id":1,"name":"Robert Doe","profession":"Angular Developer","facebook":"https://www.facebook.com/","twitter":"https://www.twitter.com/","linkedin":"https://www.linkedin.com/","github":"https://github.com/","image":{"childImageSharp":{"fluid":{"src":"/static/958f0b3e8bfd716d138cad98790adbc5/14b42/image.jpg"}}}}}},{"content":{"frontmatter":{"id":2,"name":"John Doe","profession":"React Developer","facebook":"https://www.facebook.com/","twitter":"https://www.twitter.com/","linkedin":"https://www.linkedin.com/","github":"https://github.com/","image":{"childImageSharp":{"fluid":{"src":"/static/958f0b3e8bfd716d138cad98790adbc5/14b42/image.jpg"}}}}}},{"content":{"frontmatter":{"id":3,"name":"Richard Smith","profession":"Finance Expert","facebook":"https://www.facebook.com/","twitter":"https://www.twitter.com/","linkedin":"https://www.linkedin.com/","github":"https://github.com/","image":{"childImageSharp":{"fluid":{"src":"/static/958f0b3e8bfd716d138cad98790adbc5/14b42/image.jpg"}}}}}},{"content":{"frontmatter":{"id":4,"name":"John Doe","profession":"Software Architect","facebook":"https://www.facebook.com/","twitter":"https://www.twitter.com/","linkedin":"https://www.linkedin.com/","github":"https://github.com/","image":{"childImageSharp":{"fluid":{"src":"/static/958f0b3e8bfd716d138cad98790adbc5/14b42/image.jpg"}}}}}},{"content":{"frontmatter":{"id":5,"name":"Brian Miller","profession":"Junior Developer","facebook":"https://www.facebook.com/","twitter":"https://www.twitter.com/","linkedin":"https://www.linkedin.com/","github":"https://github.com/","image":{"childImageSharp":{"fluid":{"src":"/static/958f0b3e8bfd716d138cad98790adbc5/14b42/image.jpg"}}}}}},{"content":{"frontmatter":{"id":6,"name":"Royce Peltz","profession":"Senior Developer","facebook":"https://www.facebook.com/","twitter":"https://www.twitter.com/","linkedin":"https://www.linkedin.com/","github":"https://github.com/","image":{"childImageSharp":{"fluid":{"src":"/static/958f0b3e8bfd716d138cad98790adbc5/14b42/image.jpg"}}}}}},{"content":{"frontmatter":{"id":7,"name":"Joseph Doe","profession":"React Developer","facebook":"https://www.facebook.com/","twitter":"https://www.twitter.com/","linkedin":"https://www.linkedin.com/","github":"https://github.com/","image":{"childImageSharp":{"fluid":{"src":"/static/958f0b3e8bfd716d138cad98790adbc5/14b42/image.jpg"}}}}}},{"content":{"frontmatter":{"id":8,"name":"Stephen Brice","profession":"Angular Developer","facebook":"https://www.facebook.com/","twitter":"https://www.twitter.com/","linkedin":"https://www.linkedin.com/","github":"https://github.com/","image":{"childImageSharp":{"fluid":{"src":"/static/958f0b3e8bfd716d138cad98790adbc5/14b42/image.jpg"}}}}}}]}}}