{"data":{"background":{"childImageSharp":{"fluid":{"src":"/static/00d46d0e6ec54d428a8069fe7bcaa04a/78182/bg2.jpg"}}},"web":{"childImageSharp":{"fluid":{"src":"/static/cc55e012726d76b459e9a5331cff0665/46604/web.png"}}},"mobile":{"childImageSharp":{"fluid":{"src":"/static/a0fd0cb6aff8e6e0035dc056fa6624de/46604/mobile.png"}}},"seo":{"childImageSharp":{"fluid":{"src":"/static/8b77294056bc43e27adc799529bc1796/46604/seo2.png"}}},"email":{"childImageSharp":{"fluid":{"src":"/static/f58fd55dde24dd866b459a225aca95b2/46604/email.png"}}},"ui":{"childImageSharp":{"fluid":{"src":"/static/ddd6ee9b861fc8ced12a1f879dca793d/46604/sketch.png"}}},"network":{"childImageSharp":{"fluid":{"src":"/static/367160bdbba6fe3ca45893546aee2708/46604/network.png"}}}}}