{"data":{"items":{"edges":[{"content":{"frontmatter":{"id":1,"title":"Front-end Development","category":"React.js","link":"https://github.com","image":{"childImageSharp":{"fluid":{"src":"/static/a2989e06b3660c7be8a26e1969c6ff26/a7715/image.jpg"}}}}}},{"content":{"frontmatter":{"id":2,"title":"Front-end Project","category":"React.js","link":"https://github.com","image":{"childImageSharp":{"fluid":{"src":"/static/a2989e06b3660c7be8a26e1969c6ff26/a7715/image.jpg"}}}}}},{"content":{"frontmatter":{"id":3,"title":"Angular Project","category":"Angular.js","link":"https://github.com","image":{"childImageSharp":{"fluid":{"src":"/static/a2989e06b3660c7be8a26e1969c6ff26/a7715/image.jpg"}}}}}},{"content":{"frontmatter":{"id":4,"title":"Angular + Ionic ","category":"Angular.js","link":"https://github.com","image":{"childImageSharp":{"fluid":{"src":"/static/a2989e06b3660c7be8a26e1969c6ff26/a7715/image.jpg"}}}}}},{"content":{"frontmatter":{"id":5,"title":"UI Deisgn for Company","category":"UI/UX Design","link":"https://github.com","image":{"childImageSharp":{"fluid":{"src":"/static/a2989e06b3660c7be8a26e1969c6ff26/a7715/image.jpg"}}}}}},{"content":{"frontmatter":{"id":6,"title":"UX Development for Company","category":"UI/UX Design","link":"https://github.com","image":{"childImageSharp":{"fluid":{"src":"/static/a2989e06b3660c7be8a26e1969c6ff26/a7715/image.jpg"}}}}}}]}}}