{"data":{"clients":{"edges":[{"node":{"childImageSharp":{"fluid":{"src":"/static/9b338a8b61fbc2c8bb2f283ccfada873/46604/client-1.png"}}}},{"node":{"childImageSharp":{"fluid":{"src":"/static/9b338a8b61fbc2c8bb2f283ccfada873/46604/client-10.png"}}}},{"node":{"childImageSharp":{"fluid":{"src":"/static/28257f6b28654701d146fec8959f66e4/46604/client-12.png"}}}},{"node":{"childImageSharp":{"fluid":{"src":"/static/500d94011c28f90b9067584cba66f81e/46604/client-2.png"}}}},{"node":{"childImageSharp":{"fluid":{"src":"/static/28257f6b28654701d146fec8959f66e4/46604/client-3.png"}}}},{"node":{"childImageSharp":{"fluid":{"src":"/static/7fadf4b3f650e2d7ffaa9bc00fdffb01/46604/client-4.png"}}}},{"node":{"childImageSharp":{"fluid":{"src":"/static/28257f6b28654701d146fec8959f66e4/46604/client-5.png"}}}},{"node":{"childImageSharp":{"fluid":{"src":"/static/62f036c088e2a9d3ce4df039a3f82f1b/46604/client-6.png"}}}},{"node":{"childImageSharp":{"fluid":{"src":"/static/16d6678da7680fa491e16d5c863370fa/46604/client-7%20-%20Copy.png"}}}},{"node":{"childImageSharp":{"fluid":{"src":"/static/16d6678da7680fa491e16d5c863370fa/46604/client-7.png"}}}},{"node":{"childImageSharp":{"fluid":{"src":"/static/9b338a8b61fbc2c8bb2f283ccfada873/46604/client-8.png"}}}},{"node":{"childImageSharp":{"fluid":{"src":"/static/7fadf4b3f650e2d7ffaa9bc00fdffb01/46604/client-9.png"}}}}]}}}