{"data":{"quotation_up":{"childImageSharp":{"fluid":{"src":"/static/748fbd49d4b4035a015d4f0400535d6f/46604/quotation-up.png"}}},"quotation_down":{"childImageSharp":{"fluid":{"src":"/static/5231b6bc7d20f1ca79342b9d075407de/46604/quotation-down.png"}}},"testimonials":{"edges":[{"content":{"frontmatter":{"id":1,"name":"John Doe","profession":"Software Engineer","text":"Lorem ipsum dolor sit amet, consectetur adipiscing elit. Nunc vel est eu tortor porttitor congue. Praesent finibus eleifend mi, eu dictum est scelerisque ut. Nulla sed nulla sed tellus feugiat dignissim a pulvinar sem.","image":{"childImageSharp":{"fluid":{"src":"/static/958f0b3e8bfd716d138cad98790adbc5/8295c/image.jpg"}}}}}},{"content":{"frontmatter":{"id":2,"name":"Robert Doe","profession":"Software Developer","text":"Sed facilisis magna turpis. Nulla id elit quis quam sodales cursus. Quisque tellus neque, consequat fringilla consequat eget, consequat eget elit.Sed hendrerit velit sed ante vestibulum consequat.","image":{"childImageSharp":{"fluid":{"src":"/static/958f0b3e8bfd716d138cad98790adbc5/8295c/image.jpg"}}}}}},{"content":{"frontmatter":{"id":3,"name":"John Doe","profession":"Engineer","text":"Interdum et malesuada fames ac ante ipsum primis in faucibus. Proin mattis sit amet tortor non facilisis. Etiam imperdiet fringilla ullamcorper. Suspendisse finibus ipsum ut tellus feugiat, quis vehicula ligula lacinia.","image":{"childImageSharp":{"fluid":{"src":"/static/958f0b3e8bfd716d138cad98790adbc5/8295c/image.jpg"}}}}}}]}}}