{"polyfill":["/polyfill-6bfee38a692716d511ed.js"],"app":["/app-aafa27400d792d0a90c1.js"],"component---src-pages-404-js":["/component---src-pages-404-js-3b50676198a1829d8a44.js"],"component---src-pages-creative-2-index-js":["/component---src-pages-creative-2-index-js-e13abc550ef175b50c5a.js"],"component---src-pages-creative-video-1-index-js":["/component---src-pages-creative-video-1-index-js-e41a76f86bfd9582a030.js"],"component---src-pages-creative-video-2-index-js":["/component---src-pages-creative-video-2-index-js-6dc5ca30be9787a3c061.js"],"component---src-pages-index-js":["/component---src-pages-index-js-0ea5c2670a386eddf0d1.js"],"component---src-pages-personal-index-js":["/component---src-pages-personal-index-js-04473136dc5fd4ad2f9d.js"],"component---src-pages-personal-video-index-js":["/component---src-pages-personal-video-index-js-649639ac54a514a24ffa.js"]}